[{"@type":"mappingTemplate","id":"@1","name":"VCSBranchTest_CMD","description":"Multiple Lookup Condition","autoExpireObject":false,"bundleVersion":"0","assetFrsGuid":"9LrGkNCVRQZh1YMP5Meggv","templateId":"@3","deployTime":1762222413000,"hasParameters":false,"valid":true,"fixedConnection":true,"hasParametersDeployed":false,"fixedConnectionDeployed":true,"isSchemaValidationEnabled":false,"tasks":0,"mappingPreviewFileRecordId":"@2","documentType":"","allowMaxFieldLength":false,"specialCharacterSupport":false,"references":[{"@type":"reference","refObjectId":"@jjak86Ip3ykbSXxJv7xBSa","refType":"connection"}]}]